{
    "hasselblad l1d-20c 5472 3648 brown 0.7777": {
        "projection_type": "brown",
        "width": 5472,
        "height": 3648,
        "focal_x": 0.7773022748022393,
        "focal_y": 0.7773022748022393,
        "c_x": 0.00015542007808843088,
        "c_y": 0.0005488788285138951,
        "k1": 0.008492333026346595,
        "k2": 0.0024049140694731397,
        "p1": 0.009370894795711678,
        "p2": -0.004028322392036314,
        "k3": -0.0014828432597434242
    }
}